HOUSE,JAN,FEB,MAR,APRIL,MAY,JUN,TOT
EB1,0.0128405,0.0143006,0.0137784,0.0148754,0.0086357,,0.0129073
