HOUSE,JAN,FEB,MAR,APRIL,MAY,JUN,TOT
EB4,0.000861,0.0005928,0.0007602,0.0008777,0.0010943,0.0014942,0.0009499
