HOUSE,JAN,FEB,MAR,APRIL,MAY,JUN,TOT
EB5,0.0267843,0.0106072,0.0,0.0130282,0.0213366,0.0770155,0.024807
