HOUSE,JAN,FEB,MAR,APRIL,MAY,JUN,TOT
EB6,0.020134,0.0268783,0.0224317,0.0332037,0.0519326,,0.0276981
